-- MySQL dump 10.13  Distrib 8.0.15, for Linux (x86_64)
--
-- Host: localhost    Database: fifa
-- ------------------------------------------------------
-- Server version	8.0.15

/*!40101 SET @OLD_CHARACTER_SET_CLIENT=@@CHARACTER_SET_CLIENT */;
/*!40101 SET @OLD_CHARACTER_SET_RESULTS=@@CHARACTER_SET_RESULTS */;
/*!40101 SET @OLD_COLLATION_CONNECTION=@@COLLATION_CONNECTION */;
 SET NAMES utf8mb4 ;
/*!40103 SET @OLD_TIME_ZONE=@@TIME_ZONE */;
/*!40103 SET TIME_ZONE='+00:00' */;
/*!40014 SET @OLD_UNIQUE_CHECKS=@@UNIQUE_CHECKS, UNIQUE_CHECKS=0 */;
/*!40014 SET @OLD_FOREIGN_KEY_CHECKS=@@FOREIGN_KEY_CHECKS, FOREIGN_KEY_CHECKS=0 */;
/*!40101 SET @OLD_SQL_MODE=@@SQL_MODE, SQL_MODE='NO_AUTO_VALUE_ON_ZERO' */;
/*!40111 SET @OLD_SQL_NOTES=@@SQL_NOTES, SQL_NOTES=0 */;

--
-- Current Database: `fifa`
--

CREATE DATABASE /*!32312 IF NOT EXISTS*/ `fifa` /*!40100 DEFAULT CHARACTER SET utf8 COLLATE utf8_unicode_ci */;

USE `fifa`;

--
-- Table structure for table `blue`
--

DROP TABLE IF EXISTS `blue`;
/*!40101 SET @saved_cs_client     = @@character_set_client */;
 SET character_set_client = utf8mb4 ;
CREATE TABLE `blue` (
  `id` bigint(20) NOT NULL AUTO_INCREMENT,
  `created_at` datetime DEFAULT NULL,
  `updated_at` datetime DEFAULT NULL,
  `deleted_at` datetime DEFAULT NULL,
  `short` varchar(1) DEFAULT NULL,
  `en_name` varchar(12) DEFAULT NULL,
  `ch_name` varchar(32) DEFAULT NULL,
  `description` varchar(64) DEFAULT NULL,
  `image` varchar(128) DEFAULT NULL,
  PRIMARY KEY (`id`)
) ENGINE=InnoDB AUTO_INCREMENT=6 DEFAULT CHARSET=utf8;
/*!40101 SET character_set_client = @saved_cs_client */;

--
-- Dumping data for table `blue`
--

LOCK TABLES `blue` WRITE;
/*!40000 ALTER TABLE `blue` DISABLE KEYS */;
INSERT INTO `blue` VALUES (1,'2019-08-04 19:36:45','2019-08-04 19:36:45',NULL,'P','People','共同生活的人类','在民主人权城市提高人道主义价值寄予人类和平共存','https://www.fina-gwangju2019.com/home/chn/images/sub/vision01.jpg'),(2,'2019-08-04 19:36:45','2019-08-04 19:36:45',NULL,'E','Environment','感受自然气息的环境','享受无等山与荣山江大自然的绿色治愈营造纯净宜人的城市','https://www.fina-gwangju2019.com/home/chn/images/sub/vision02.jpg'),(3,'2019-08-04 19:36:45','2019-08-04 19:36:45',NULL,'A','Advance','向着未来梦想全力迈入','','https://www.fina-gwangju2019.com/home/chn/images/sub/vision03.jpg'),(4,'2019-08-04 19:36:45','2019-08-04 19:36:45',NULL,'C','Culture','一起来做的文化','追求符合亚洲文化中心城市的文化庆典开展运动选手与市民一同进行的文化活动','https://www.fina-gwangju2019.com/home/chn/images/sub/vision04.jpg'),(5,'2019-08-04 19:36:45','2019-08-04 19:36:45',NULL,'E','Economy','可持续发展的地区经济','通过积极营销最大限度地减轻市民负担扩大基础设施提升城市竞争力','https://www.fina-gwangju2019.com/home/chn/images/sub/vision05.jpg');
/*!40000 ALTER TABLE `blue` ENABLE KEYS */;
UNLOCK TABLES;

--
-- Table structure for table `championships`
--

DROP TABLE IF EXISTS `championships`;
/*!40101 SET @saved_cs_client     = @@character_set_client */;
 SET character_set_client = utf8mb4 ;
CREATE TABLE `championships` (
  `id` bigint(20) NOT NULL AUTO_INCREMENT,
  `created_at` datetime DEFAULT NULL,
  `updated_at` datetime DEFAULT NULL,
  `deleted_at` datetime DEFAULT NULL,
  `number_olympic` int(4) DEFAULT NULL,
  `short_slogan` text,
  `start_date` datetime NOT NULL,
  `end_date` datetime NOT NULL,
  `disciplines_ids` blob,
  `venus_ids` blob,
  PRIMARY KEY (`id`)
) ENGINE=InnoDB AUTO_INCREMENT=2 DEFAULT CHARSET=utf8;
/*!40101 SET character_set_client = @saved_cs_client */;

--
-- Dumping data for table `championships`
--

LOCK TABLES `championships` WRITE;
/*!40000 ALTER TABLE `championships` DISABLE KEYS */;
INSERT INTO `championships` VALUES (1,'2019-08-04 19:37:02','2019-08-04 19:37:02',NULL,18,'DIVE INTO PEACE','2019-07-12 00:00:00','2019-07-28 00:00:00',_binary '[1,2,3,4,5,6]',_binary '[7,8,9,10,11]');
/*!40000 ALTER TABLE `championships` ENABLE KEYS */;
UNLOCK TABLES;

--
-- Table structure for table `competitions`
--

DROP TABLE IF EXISTS `competitions`;
/*!40101 SET @saved_cs_client     = @@character_set_client */;
 SET character_set_client = utf8mb4 ;
CREATE TABLE `competitions` (
  `id` bigint(20) NOT NULL AUTO_INCREMENT,
  `created_at` datetime DEFAULT NULL,
  `updated_at` datetime DEFAULT NULL,
  `deleted_at` datetime DEFAULT NULL,
  `competition_class` int(11) DEFAULT NULL,
  `detail` varchar(255) DEFAULT NULL,
  PRIMARY KEY (`id`)
) ENGINE=InnoDB AUTO_INCREMENT=128 DEFAULT CHARSET=utf8;
/*!40101 SET character_set_client = @saved_cs_client */;

--
-- Dumping data for table `competitions`
--

LOCK TABLES `competitions` WRITE;
/*!40000 ALTER TABLE `competitions` DISABLE KEYS */;
INSERT INTO `competitions` VALUES (80,'2019-08-04 19:47:30','2019-08-04 19:47:30',NULL,1,'跳板 : 1米、3米'),(81,'2019-08-04 19:47:30','2019-08-04 19:47:30',NULL,1,'双人同步跳板: 3米'),(82,'2019-08-04 19:47:30','2019-08-04 19:47:30',NULL,1,'跳台 : 10米'),(83,'2019-08-04 19:47:30','2019-08-04 19:47:30',NULL,1,'双人同步跳台: 10米'),(84,'2019-08-04 19:47:30','2019-08-04 19:47:30',NULL,1,''),(85,'2019-08-04 19:47:30','2019-08-04 19:47:30',NULL,0,'跳板 : 1米、3米'),(86,'2019-08-04 19:47:30','2019-08-04 19:47:30',NULL,0,'双人同步跳板: 3米'),(87,'2019-08-04 19:47:30','2019-08-04 19:47:30',NULL,0,'跳台 : 10米'),(88,'2019-08-04 19:47:30','2019-08-04 19:47:30',NULL,0,'双人同步跳台: 10米'),(89,'2019-08-04 19:47:30','2019-08-04 19:47:30',NULL,2,'双人同步跳板 : 3米'),(90,'2019-08-04 19:47:30','2019-08-04 19:47:30',NULL,2,'双人同步跳台 : 10米'),(91,'2019-08-04 19:47:37','2019-08-04 19:47:37',NULL,1,'自由泳 50米、100米、200米、400米、800米、1500米 '),(92,'2019-08-04 19:47:37','2019-08-04 19:47:37',NULL,1,'蛙泳 50米、100米、200米 '),(93,'2019-08-04 19:47:37','2019-08-04 19:47:37',NULL,1,'仰泳 50米、100米、200米 '),(94,'2019-08-04 19:47:37','2019-08-04 19:47:37',NULL,1,'蝶泳 50米、100米、200米 '),(95,'2019-08-04 19:47:37','2019-08-04 19:47:37',NULL,1,'个人混合泳 200米、400米 '),(96,'2019-08-04 19:47:37','2019-08-04 19:47:37',NULL,1,'接力泳 4×100米、4×200米 '),(97,'2019-08-04 19:47:37','2019-08-04 19:47:37',NULL,1,'混合泳接力 4×100米'),(98,'2019-08-04 19:47:37','2019-08-04 19:47:37',NULL,0,'自由泳 50米、100米、200米、400米、800米, 1500米'),(99,'2019-08-04 19:47:37','2019-08-04 19:47:37',NULL,0,'蛙泳 50米、100米、200米'),(100,'2019-08-04 19:47:37','2019-08-04 19:47:37',NULL,0,'仰泳 50米、100米、200米'),(101,'2019-08-04 19:47:37','2019-08-04 19:47:37',NULL,0,'蝶泳 50米、100米、200米'),(102,'2019-08-04 19:47:37','2019-08-04 19:47:37',NULL,0,'个人混合泳 200米、400米'),(103,'2019-08-04 19:47:37','2019-08-04 19:47:37',NULL,0,'接力泳 4×100米、4×200米'),(104,'2019-08-04 19:47:37','2019-08-04 19:47:37',NULL,0,'混合泳接力 4×100米'),(105,'2019-08-04 19:47:37','2019-08-04 19:47:37',NULL,2,'4×100米接力泳'),(106,'2019-08-04 19:47:37','2019-08-04 19:47:37',NULL,2,'4×100米混合泳接力'),(107,'2019-08-04 19:47:44','2019-08-04 19:47:44',NULL,1,'16支队伍'),(108,'2019-08-04 19:47:44','2019-08-04 19:47:44',NULL,0,'16支队伍'),(109,'2019-08-04 19:47:46','2019-08-04 19:47:46',NULL,1,'5公里'),(110,'2019-08-04 19:47:46','2019-08-04 19:47:46',NULL,1,'10公里'),(111,'2019-08-04 19:47:46','2019-08-04 19:47:46',NULL,1,'25公里'),(112,'2019-08-04 19:47:46','2019-08-04 19:47:46',NULL,0,'5公里'),(113,'2019-08-04 19:47:46','2019-08-04 19:47:46',NULL,0,'10公里'),(114,'2019-08-04 19:47:46','2019-08-04 19:47:46',NULL,0,'25公里'),(115,'2019-08-04 19:47:46','2019-08-04 19:47:46',NULL,2,'5公里'),(116,'2019-08-04 19:47:48','2019-08-04 19:47:48',NULL,1,'单人'),(117,'2019-08-04 19:47:48','2019-08-04 19:47:48',NULL,1,'双人'),(118,'2019-08-04 19:47:48','2019-08-04 19:47:48',NULL,1,'集体'),(119,'2019-08-04 19:47:48','2019-08-04 19:47:48',NULL,1,'自由组合'),(120,'2019-08-04 19:47:48','2019-08-04 19:47:48',NULL,1,'亮点动作表演'),(121,'2019-08-04 19:47:48','2019-08-04 19:47:48',NULL,1,'男女混合双人'),(122,'2019-08-04 19:47:48','2019-08-04 19:47:48',NULL,0,'单人'),(123,'2019-08-04 19:47:48','2019-08-04 19:47:48',NULL,0,'双人'),(124,'2019-08-04 19:47:48','2019-08-04 19:47:48',NULL,0,'集体'),(125,'2019-08-04 19:47:48','2019-08-04 19:47:48',NULL,0,'男女混合双人'),(126,'2019-08-04 19:47:50','2019-08-04 19:47:50',NULL,1,'20米'),(127,'2019-08-04 19:47:50','2019-08-04 19:47:50',NULL,0,'27米');
/*!40000 ALTER TABLE `competitions` ENABLE KEYS */;
UNLOCK TABLES;

--
-- Table structure for table `country`
--

DROP TABLE IF EXISTS `country`;
/*!40101 SET @saved_cs_client     = @@character_set_client */;
 SET character_set_client = utf8mb4 ;
CREATE TABLE `country` (
  `id` bigint(20) NOT NULL AUTO_INCREMENT,
  `created_at` datetime DEFAULT NULL,
  `updated_at` datetime DEFAULT NULL,
  `deleted_at` datetime DEFAULT NULL,
  `name` varchar(255) DEFAULT NULL,
  `short` varchar(255) DEFAULT NULL,
  PRIMARY KEY (`id`),
  UNIQUE KEY `UQE_country_name` (`name`),
  UNIQUE KEY `UQE_country_short` (`short`)
) ENGINE=InnoDB AUTO_INCREMENT=61 DEFAULT CHARSET=utf8;
/*!40101 SET character_set_client = @saved_cs_client */;

--
-- Dumping data for table `country`
--

LOCK TABLES `country` WRITE;
/*!40000 ALTER TABLE `country` DISABLE KEYS */;
INSERT INTO `country` VALUES (1,'2019-08-04 19:48:10','2019-08-04 19:48:10',NULL,'United States','USA'),(2,'2019-08-04 19:48:10','2019-08-04 19:48:10',NULL,'China','CHN'),(3,'2019-08-04 19:48:10','2019-08-04 19:48:10',NULL,'Russia','RUS'),(4,'2019-08-04 19:48:10','2019-08-04 19:48:10',NULL,'France','FRA'),(5,'2019-08-04 19:48:10','2019-08-04 19:48:10',NULL,'Great Britain','GBR'),(6,'2019-08-04 19:48:10','2019-08-04 19:48:10',NULL,'Italy','ITA'),(7,'2019-08-04 19:48:10','2019-08-04 19:48:10',NULL,'Australia','AUS'),(8,'2019-08-04 19:48:10','2019-08-04 19:48:10',NULL,'Sweden','SWE'),(9,'2019-08-04 19:48:10','2019-08-04 19:48:10',NULL,'Hungary','HUN'),(10,'2019-08-04 19:48:10','2019-08-04 19:48:10',NULL,'Brazil','BRA'),(11,'2019-08-04 19:48:10','2019-08-04 19:48:10',NULL,'Spain','ESP'),(12,'2019-08-04 19:48:10','2019-08-04 19:48:10',NULL,'Netherlands','NED'),(13,'2019-08-04 19:48:10','2019-08-04 19:48:10',NULL,'Canada','CAN'),(14,'2019-08-04 19:48:11','2019-08-04 19:48:11',NULL,'Malaysia','MAS'),(15,'2019-08-04 19:48:11','2019-08-04 19:48:11',NULL,'South Africa','RSA'),(16,'2019-08-04 19:48:11','2019-08-04 19:48:11',NULL,'Croatia','CRO'),(17,'2019-08-04 19:48:11','2019-08-04 19:48:11',NULL,'Japan','JPN'),(18,'2019-08-04 19:48:11','2019-08-04 19:48:11',NULL,'Ukraine','UKR'),(19,'2019-08-04 19:48:11','2019-08-04 19:48:11',NULL,'Germany','GER'),(20,'2019-08-04 19:48:11','2019-08-04 19:48:11',NULL,'Mexico','MEX'),(21,'2019-08-04 19:48:11','2019-08-04 19:48:11',NULL,'DPR Korea','PRK'),(22,'2019-08-04 19:48:11','2019-08-04 19:48:11',NULL,'Czech Republic','CZE'),(23,'2019-08-04 19:48:11','2019-08-04 19:48:11',NULL,'Ecuador','ECU'),(24,'2019-08-04 19:48:11','2019-08-04 19:48:11',NULL,'Poland','POL'),(25,'2019-08-04 19:48:11','2019-08-04 19:48:11',NULL,'Belarus','BLR'),(26,'2019-08-04 19:48:11','2019-08-04 19:48:11',NULL,'Denmark','DEN'),(27,'2019-08-04 19:48:11','2019-08-04 19:48:11',NULL,'Egypt','EGY'),(28,'2019-08-04 19:48:11','2019-08-04 19:48:11',NULL,'Serbia','SRB'),(29,'2019-08-04 19:48:11','2019-08-04 19:48:11',NULL,'Singapore','SGP'),(30,'2019-08-04 19:48:13','2019-08-04 19:48:13',NULL,'Finland','FIN'),(31,'2019-08-04 19:48:13','2019-08-04 19:48:13',NULL,'Slovakia','SVK'),(32,'2019-08-04 19:48:13','2019-08-04 19:48:13',NULL,'Romania','ROU'),(33,'2019-08-04 19:48:13','2019-08-04 19:48:13',NULL,'Bulgaria','BUL'),(34,'2019-08-04 19:48:13','2019-08-04 19:48:13',NULL,'Serbia and Montenegro','SCG'),(35,'2019-08-04 19:48:13','2019-08-04 19:48:13',NULL,'Tunisia','TUN'),(36,'2019-08-04 19:48:14','2019-08-04 19:48:14',NULL,'Soviet Union','URS'),(37,'2019-08-04 19:48:14','2019-08-04 19:48:14',NULL,'Suriname','SUR'),(38,'2019-08-04 19:48:14','2019-08-04 19:48:14',NULL,'Yugoslavia','YUG'),(39,'2019-08-04 19:48:14','2019-08-04 19:48:14',NULL,'Czechoslovakia','TCH'),(40,'2019-08-04 19:48:18','2019-08-04 19:48:18',NULL,'Greece','GRE'),(41,'2019-08-04 19:48:18','2019-08-04 19:48:18',NULL,'Korea','KOR'),(42,'2019-08-04 19:48:18','2019-08-04 19:48:18',NULL,'Norway','NOR'),(43,'2019-08-04 19:48:18','2019-08-04 19:48:18',NULL,'Switzerland','SUI'),(44,'2019-08-04 19:48:20','2019-08-04 19:48:20',NULL,'Zimbabwe','ZIM'),(45,'2019-08-04 19:48:20','2019-08-04 19:48:20',NULL,'Austria','AUT'),(46,'2019-08-04 19:48:20','2019-08-04 19:48:20',NULL,'Cuba','CUB'),(47,'2019-08-04 19:48:22','2019-08-04 19:48:22',NULL,'Iceland','ISL'),(48,'2019-08-04 19:48:22','2019-08-04 19:48:22',NULL,'Costa Rica','CRC'),(49,'2019-08-04 19:48:24','2019-08-04 19:48:24',NULL,'Belgium','BEL'),(50,'2019-08-04 19:48:24','2019-08-04 19:48:24',NULL,'Argentina','ARG'),(51,'2019-08-04 19:48:24','2019-08-04 19:48:24',NULL,'Puerto Rico','PUR'),(52,'2019-08-04 19:48:26','2019-08-04 19:48:26',NULL,'New Zealand','NZL'),(53,'2019-08-04 19:48:26','2019-08-04 19:48:26',NULL,'Jamaica','JAM'),(54,'2019-08-04 19:48:26','2019-08-04 19:48:26',NULL,'Lithuania','LTU'),(55,'2019-08-04 19:48:29','2019-08-04 19:48:29',NULL,'Colombia','COL'),(56,'2019-08-04 19:48:29','2019-08-04 19:48:29',NULL,'Montenegro','MNE'),(57,'2019-08-04 19:48:29','2019-08-04 19:48:29',NULL,'Trinidad & Tobago','TTO'),(58,'2019-08-04 19:48:35','2019-08-04 19:48:35',NULL,'Venezuela','VEN'),(59,'2019-08-04 19:48:36','2019-08-04 19:48:36',NULL,'East Germany','GDR'),(60,'2019-08-04 19:48:36','2019-08-04 19:48:36',NULL,'West Germany','FRG');
/*!40000 ALTER TABLE `country` ENABLE KEYS */;
UNLOCK TABLES;

--
-- Table structure for table `fifa`
--

DROP TABLE IF EXISTS `fifa`;
/*!40101 SET @saved_cs_client     = @@character_set_client */;
 SET character_set_client = utf8mb4 ;
CREATE TABLE `fifa` (
  `id` bigint(20) NOT NULL AUTO_INCREMENT,
  `created_at` datetime DEFAULT NULL,
  `updated_at` datetime DEFAULT NULL,
  `deleted_at` datetime DEFAULT NULL,
  `description` varchar(255) DEFAULT NULL,
  `established` varchar(32) NOT NULL,
  `headquarters` varchar(32) NOT NULL,
  `national_member` varchar(24) NOT NULL,
  `number_of_disciplines` varchar(24) NOT NULL,
  PRIMARY KEY (`id`)
) ENGINE=InnoDB AUTO_INCREMENT=2 DEFAULT CHARSET=utf8;
/*!40101 SET character_set_client = @saved_cs_client */;

--
-- Dumping data for table `fifa`
--

LOCK TABLES `fifa` WRITE;
/*!40000 ALTER TABLE `fifa` DISABLE KEYS */;
INSERT INTO `fifa` VALUES (1,'2019-08-04 19:37:40','2019-08-04 19:37:40',NULL,'FINA(FédérationInternationaledeNatation,FINA)은创立于1908年，是游泳项目比赛的国际管理机构。FINA正式游泳项目分别是游泳、水球、跳水、花样游泳、公开水域游泳与高空跳水。高空跳水在2013年FINA世界游泳锦标赛上首次被列入FINA正式项目。目前FINA会员国拥有五大洲209个国家联盟。FINA的总部设在瑞士洛桑。',' 1908年7月19日(伦敦)',' 瑞士洛桑',' 209个国家',' 6个项目');
/*!40000 ALTER TABLE `fifa` ENABLE KEYS */;
UNLOCK TABLES;

--
-- Table structure for table `history`
--

DROP TABLE IF EXISTS `history`;
/*!40101 SET @saved_cs_client     = @@character_set_client */;
 SET character_set_client = utf8mb4 ;
CREATE TABLE `history` (
  `id` bigint(20) NOT NULL AUTO_INCREMENT,
  `created_at` datetime DEFAULT NULL,
  `updated_at` datetime DEFAULT NULL,
  `deleted_at` datetime DEFAULT NULL,
  `year` int(11) DEFAULT NULL,
  `detail` varchar(255) DEFAULT NULL,
  PRIMARY KEY (`id`)
) ENGINE=InnoDB AUTO_INCREMENT=32 DEFAULT CHARSET=utf8;
/*!40101 SET character_set_client = @saved_cs_client */;

--
-- Dumping data for table `history`
--

LOCK TABLES `history` WRITE;
/*!40000 ALTER TABLE `history` DISABLE KEYS */;
INSERT INTO `history` VALUES (1,'2019-08-04 19:37:30','2019-08-04 19:37:30',NULL,1908,'由8个国家(比利时、丹麦、芬兰、法国、德国、英国、匈牙利和瑞典)在伦敦(英国)倡议成立FINA'),(2,'2019-08-04 19:37:30','2019-08-04 19:37:30',NULL,1912,'在斯德哥尔摩(瑞典)奥运会上首次列入女子水下比赛'),(3,'2019-08-04 19:37:30','2019-08-04 19:37:30',NULL,1922,'约翰尼·韦斯米勒(美国)在百米自由泳中首次创下1分钟(58.6秒)以内的游泳纪录'),(4,'2019-08-04 19:37:30','2019-08-04 19:37:30',NULL,1926,'格特鲁德·埃德尔(美国)不仅作为第一位女性，还以比上个纪录快两小时的速度游过了英国海峡'),(5,'2019-08-04 19:37:30','2019-08-04 19:37:30',NULL,1948,'在伦敦奥运会上，水球项目聚集了五大洲队伍成为了国际普及项目'),(6,'2019-08-04 19:37:30','2019-08-04 19:37:30',NULL,1956,'在墨尔本(澳大利亚)奥运会上，蝶泳首次被列入成为奥林匹克项目'),(7,'2019-08-04 19:37:30','2019-08-04 19:37:30',NULL,1957,'只有公制标准测定的世界纪录才能作为有效记录得到国际认定'),(8,'2019-08-04 19:37:30','2019-08-04 19:37:30',NULL,1964,'大卫·弗雷泽(澳大利亚)在东京奥运会上达成前所未有的“帽子戏法(hat-trick)”，完成百米自由泳三冠王'),(9,'2019-08-04 19:37:30','2019-08-04 19:37:30',NULL,1968,'在墨西哥城奥利匹克运动会上首次引入电子记录制度'),(10,'2019-08-04 19:37:30','2019-08-04 19:37:30',NULL,1972,'马克斯·皮茨(美国)在慕尼黑(德国)奥运会上成为首次摘取7枚金牌(游泳项目)的运动选手，并且所有成绩都突破了世界纪录'),(11,'2019-08-04 19:37:30','2019-08-04 19:37:30',NULL,1973,'在贝尔格莱德(南斯拉夫)举办了首届FINA世界游泳锦标赛，比赛设有游泳、水球、跳水、水中芭蕾等项目(在1991年增加了海上游泳项目)'),(12,'2019-08-04 19:37:30','2019-08-04 19:37:30',NULL,1980,'弗拉基米尔·萨尔尼科夫(俄罗斯)在莫斯科奥运会1,500米自由泳中以14:58:27秒的成绩打破了15分钟的纪录'),(13,'2019-08-04 19:37:30','2019-08-04 19:37:30',NULL,1984,'在洛杉矶奥运会上增加了水中芭蕾项目'),(14,'2019-08-04 19:37:30','2019-08-04 19:37:30',NULL,1986,'FINA在洛桑(瑞士)开设事务局'),(15,'2019-08-04 19:37:30','2019-08-04 19:37:30',NULL,1988,'在FINA世界游泳锦标赛上取得五枚奖牌的格雷格·洛加尼斯(美国)，在奥运会上以优秀的跳水能力取得五枚奥运奖牌后宣布退役'),(16,'2019-08-04 19:37:30','2019-08-04 19:37:30',NULL,1991,'在25米的泳池内达成世界纪录'),(17,'2019-08-04 19:37:30','2019-08-04 19:37:30',NULL,1992,'巴塞罗那(西班牙)奥运会是伟大的游泳冠军马特·比昂迪(美国)的落幕之战。在本次大会上，马特·比昂迪出战十一项全部取得金牌，并在FINA世界游泳锦标赛上也取得11枚奖牌'),(18,'2019-08-04 19:37:30','2019-08-04 19:37:30',NULL,1993,'在帕尔马·马略卡(西班牙)举办了首届FINA世界游泳锦标赛(25米)'),(19,'2019-08-04 19:37:30','2019-08-04 19:37:30',NULL,1996,'作为史上最强水球运动选手的马努尔·埃斯蒂亚特(西班牙)不仅出战了六次奥运会(1980-2000년)，更在亚特兰大奥运会摘取了金牌'),(20,'2019-08-04 19:37:30','2019-08-04 19:37:30',NULL,2000,'在悉尼(澳大利亚)奥运会上,女子水球与水中芭蕾被列入了奥运会正式项目'),(21,'2019-08-04 19:37:30','2019-08-04 19:37:30',NULL,2004,'亚历山大·波波夫(俄罗斯)在奥运会上共摘取9枚奖牌，在FINA世界游泳锦标赛上也取得了11枚奖牌，他在这样辉煌的战绩中退役'),(22,'2019-08-04 19:37:30','2019-08-04 19:37:30',NULL,2005,'IOC决定从2008年北京(中国)奥运会开始在奥运会中加入马拉松游泳(10公里)项目'),(23,'2019-08-04 19:37:30','2019-08-04 19:37:30',NULL,2008,'迈克尔·菲尔普斯(美国)击败马克斯·皮茨在北京(中国)奥运会成为奥运会史上第一位摘取8枚金牌的选手，并在4年后的伦敦奥运会上以18枚金牌、22枚奖牌的纪录成为了奥运会历史上获得奖牌数最多的选手，他在伦敦奥运会之后发表了退役声明'),(24,'2019-08-04 19:37:30','2019-08-04 19:37:30',NULL,2010,'FINA在埃斯特角(乌拉圭)举办第1届FINA世界水上运动大会(WorldAquaticsConvention)'),(25,'2019-08-04 19:37:30','2019-08-04 19:37:30',NULL,2011,'获得6枚奥运会奖牌和11枚世界锦标赛奖牌的郭晶晶(中国)宣布结束跳水运动选手生涯'),(26,'2019-08-04 19:37:30','2019-08-04 19:37:30',NULL,2012,'第二届世界水上运动大会在莫斯科(俄罗斯)单独进行后，从2014年开始与FINA世界游泳锦标赛(25米)一同举办'),(27,'2019-08-04 19:37:30','2019-08-04 19:37:30',NULL,2013,'在巴塞罗那(西班牙)举办的FINA世界游泳锦标赛中首次加入了高空跳水项目'),(28,'2019-08-04 19:37:30','2019-08-04 19:37:30',NULL,2014,'第12届FINA世界游泳锦标赛(25米)的水上庆典(AquaticFestival)首次在多哈(卡塔尔)举办。水上庆典是由FINA世界水上运动大会、FINA游泳教练金牌讲习班、FINA临时总会、为当时最优秀运动选手举办的“SoiréedesEtolies”晚会秀、SwimmingYouth节目等组成'),(29,'2019-08-04 19:37:30','2019-08-04 19:37:30',NULL,2015,'继7月24日至8月16日期间的喀山(俄罗斯)FINA世界游泳锦标赛之后，举办了FINA史上首届世界游泳大师锦标赛，进行了精英运动选手的混合泳、混合跳水、混合水中芭蕾等项目'),(30,'2019-08-04 19:37:30','2019-08-04 19:37:30',NULL,2017,'从7月14日到30日，在布达佩斯(匈牙利)举办了FINA世界游泳锦标赛'),(31,'2019-08-04 19:37:30','2019-08-04 19:37:30',NULL,2019,'从7月12日到28日，在光州(韩国)举办了FINA世界游泳锦标赛');
/*!40000 ALTER TABLE `history` ENABLE KEYS */;
UNLOCK TABLES;

--
-- Table structure for table `kinds`
--

DROP TABLE IF EXISTS `kinds`;
/*!40101 SET @saved_cs_client     = @@character_set_client */;
 SET character_set_client = utf8mb4 ;
CREATE TABLE `kinds` (
  `id` bigint(20) NOT NULL AUTO_INCREMENT,
  `created_at` datetime DEFAULT NULL,
  `updated_at` datetime DEFAULT NULL,
  `deleted_at` datetime DEFAULT NULL,
  `name` varchar(32) DEFAULT NULL,
  `class` int(1) DEFAULT NULL,
  PRIMARY KEY (`id`)
) ENGINE=InnoDB AUTO_INCREMENT=12 DEFAULT CHARSET=utf8;
/*!40101 SET character_set_client = @saved_cs_client */;

--
-- Dumping data for table `kinds`
--

LOCK TABLES `kinds` WRITE;
/*!40000 ALTER TABLE `kinds` DISABLE KEYS */;
INSERT INTO `kinds` VALUES (1,'2019-08-04 19:37:02','2019-08-04 19:37:02',NULL,'游泳',0),(2,'2019-08-04 19:37:02','2019-08-04 19:37:02',NULL,'跳水',0),(3,'2019-08-04 19:37:02','2019-08-04 19:37:02',NULL,'高空跳水',0),(4,'2019-08-04 19:37:02','2019-08-04 19:37:02',NULL,'花样游泳',0),(5,'2019-08-04 19:37:02','2019-08-04 19:37:02',NULL,'公开水域游泳',0),(6,'2019-08-04 19:37:02','2019-08-04 19:37:02',NULL,'水球',0),(7,'2019-08-04 19:37:02','2019-08-04 19:37:02',NULL,'南部大学市立国际游泳馆',1),(8,'2019-08-04 19:37:02','2019-08-04 19:37:02',NULL,'南部大学水球比赛场',1),(9,'2019-08-04 19:37:02','2019-08-04 19:37:02',NULL,'念珠综合体育馆花样游泳比赛场',1),(10,'2019-08-04 19:37:02','2019-08-04 19:37:02',NULL,'丽水海洋公园公开水域游泳赛场',1),(11,'2019-08-04 19:37:02','2019-08-04 19:37:02',NULL,'朝鲜大学高台跳水比赛场',1);
/*!40000 ALTER TABLE `kinds` ENABLE KEYS */;
UNLOCK TABLES;

--
-- Table structure for table `medal`
--

DROP TABLE IF EXISTS `medal`;
/*!40101 SET @saved_cs_client     = @@character_set_client */;
 SET character_set_client = utf8mb4 ;
CREATE TABLE `medal` (
  `id` bigint(20) NOT NULL AUTO_INCREMENT,
  `created_at` datetime DEFAULT NULL,
  `updated_at` datetime DEFAULT NULL,
  `deleted_at` datetime DEFAULT NULL,
  `year` int(11) DEFAULT NULL,
  `country_id` bigint(20) DEFAULT NULL,
  `gold` int(11) DEFAULT NULL,
  `silver` int(11) DEFAULT NULL,
  `bronze` int(11) DEFAULT NULL,
  PRIMARY KEY (`id`),
  KEY `IDX_medal_country_id` (`country_id`)
) ENGINE=InnoDB AUTO_INCREMENT=406 DEFAULT CHARSET=utf8;
/*!40101 SET character_set_client = @saved_cs_client */;

--
-- Dumping data for table `medal`
--

LOCK TABLES `medal` WRITE;
/*!40000 ALTER TABLE `medal` DISABLE KEYS */;
INSERT INTO `medal` VALUES (1,'2019-08-04 19:48:10','2019-08-04 19:48:10',NULL,2017,1,21,12,13),(2,'2019-08-04 19:48:10','2019-08-04 19:48:10',NULL,2017,2,12,12,6),(3,'2019-08-04 19:48:10','2019-08-04 19:48:10',NULL,2017,3,11,6,8),(4,'2019-08-04 19:48:10','2019-08-04 19:48:10',NULL,2017,4,6,1,2),(5,'2019-08-04 19:48:10','2019-08-04 19:48:10',NULL,2017,5,5,3,3),(6,'2019-08-04 19:48:10','2019-08-04 19:48:10',NULL,2017,6,4,3,9),(7,'2019-08-04 19:48:10','2019-08-04 19:48:10',NULL,2017,7,3,5,4),(8,'2019-08-04 19:48:10','2019-08-04 19:48:10',NULL,2017,8,3,1,0),(9,'2019-08-04 19:48:10','2019-08-04 19:48:10',NULL,2017,9,2,5,2),(10,'2019-08-04 19:48:10','2019-08-04 19:48:10',NULL,2017,10,2,4,2),(11,'2019-08-04 19:48:10','2019-08-04 19:48:10',NULL,2017,11,1,5,0),(12,'2019-08-04 19:48:10','2019-08-04 19:48:10',NULL,2017,12,1,4,1),(13,'2019-08-04 19:48:10','2019-08-04 19:48:10',NULL,2017,13,1,1,5),(14,'2019-08-04 19:48:11','2019-08-04 19:48:11',NULL,2017,14,1,0,1),(15,'2019-08-04 19:48:11','2019-08-04 19:48:11',NULL,2017,15,1,0,1),(16,'2019-08-04 19:48:11','2019-08-04 19:48:11',NULL,2017,16,1,0,0),(17,'2019-08-04 19:48:11','2019-08-04 19:48:11',NULL,2017,17,0,4,5),(18,'2019-08-04 19:48:11','2019-08-04 19:48:11',NULL,2017,18,0,2,7),(19,'2019-08-04 19:48:11','2019-08-04 19:48:11',NULL,2017,19,0,2,1),(20,'2019-08-04 19:48:11','2019-08-04 19:48:11',NULL,2017,20,0,2,0),(21,'2019-08-04 19:48:11','2019-08-04 19:48:11',NULL,2017,21,0,1,1),(22,'2019-08-04 19:48:11','2019-08-04 19:48:11',NULL,2017,22,0,1,0),(23,'2019-08-04 19:48:11','2019-08-04 19:48:11',NULL,2017,23,0,1,0),(24,'2019-08-04 19:48:11','2019-08-04 19:48:11',NULL,2017,24,0,1,0),(25,'2019-08-04 19:48:11','2019-08-04 19:48:11',NULL,2017,25,0,0,2),(26,'2019-08-04 19:48:11','2019-08-04 19:48:11',NULL,2017,26,0,0,1),(27,'2019-08-04 19:48:11','2019-08-04 19:48:11',NULL,2017,27,0,0,1),(28,'2019-08-04 19:48:11','2019-08-04 19:48:11',NULL,2017,28,0,0,1),(29,'2019-08-04 19:48:11','2019-08-04 19:48:11',NULL,2017,29,0,0,1),(30,'2019-08-04 19:48:12','2019-08-04 19:48:12',NULL,2003,1,12,13,6),(31,'2019-08-04 19:48:12','2019-08-04 19:48:12',NULL,2003,3,10,5,6),(32,'2019-08-04 19:48:12','2019-08-04 19:48:12',NULL,2003,7,8,12,6),(33,'2019-08-04 19:48:13','2019-08-04 19:48:13',NULL,2003,2,7,4,8),(34,'2019-08-04 19:48:13','2019-08-04 19:48:13',NULL,2003,19,5,6,5),(35,'2019-08-04 19:48:13','2019-08-04 19:48:13',NULL,2003,17,3,3,3),(36,'2019-08-04 19:48:13','2019-08-04 19:48:13',NULL,2003,12,3,2,2),(37,'2019-08-04 19:48:13','2019-08-04 19:48:13',NULL,2003,5,2,3,3),(38,'2019-08-04 19:48:13','2019-08-04 19:48:13',NULL,2003,18,2,3,2),(39,'2019-08-04 19:48:13','2019-08-04 19:48:13',NULL,2003,6,2,2,1),(40,'2019-08-04 19:48:13','2019-08-04 19:48:13',NULL,2003,13,2,0,1),(41,'2019-08-04 19:48:13','2019-08-04 19:48:13',NULL,2003,9,1,4,1),(42,'2019-08-04 19:48:13','2019-08-04 19:48:13',NULL,2003,11,1,2,3),(43,'2019-08-04 19:48:13','2019-08-04 19:48:13',NULL,2003,24,1,1,0),(44,'2019-08-04 19:48:13','2019-08-04 19:48:13',NULL,2003,4,1,0,2),(45,'2019-08-04 19:48:13','2019-08-04 19:48:13',NULL,2003,30,1,0,1),(46,'2019-08-04 19:48:13','2019-08-04 19:48:13',NULL,2003,25,1,0,0),(47,'2019-08-04 19:48:13','2019-08-04 19:48:13',NULL,2003,22,0,2,0),(48,'2019-08-04 19:48:13','2019-08-04 19:48:13',NULL,2003,31,0,1,1),(49,'2019-08-04 19:48:13','2019-08-04 19:48:13',NULL,2003,16,0,1,0),(50,'2019-08-04 19:48:13','2019-08-04 19:48:13',NULL,2003,26,0,1,0),(51,'2019-08-04 19:48:13','2019-08-04 19:48:13',NULL,2003,32,0,0,2),(52,'2019-08-04 19:48:13','2019-08-04 19:48:13',NULL,2003,33,0,0,1),(53,'2019-08-04 19:48:13','2019-08-04 19:48:13',NULL,2003,20,0,0,1),(54,'2019-08-04 19:48:13','2019-08-04 19:48:13',NULL,2003,34,0,0,1),(55,'2019-08-04 19:48:13','2019-08-04 19:48:13',NULL,2003,15,0,0,1),(56,'2019-08-04 19:48:13','2019-08-04 19:48:13',NULL,2003,8,0,0,1),(57,'2019-08-04 19:48:13','2019-08-04 19:48:13',NULL,2003,35,0,0,1),(58,'2019-08-04 19:48:14','2019-08-04 19:48:14',NULL,1991,1,17,11,6),(59,'2019-08-04 19:48:14','2019-08-04 19:48:14',NULL,1991,2,8,3,2),(60,'2019-08-04 19:48:14','2019-08-04 19:48:14',NULL,1991,9,5,2,2),(61,'2019-08-04 19:48:14','2019-08-04 19:48:14',NULL,1991,19,4,9,9),(62,'2019-08-04 19:48:14','2019-08-04 19:48:14',NULL,1991,7,3,5,2),(63,'2019-08-04 19:48:14','2019-08-04 19:48:14',NULL,1991,12,2,1,1),(64,'2019-08-04 19:48:14','2019-08-04 19:48:14',NULL,1991,36,1,3,6),(65,'2019-08-04 19:48:14','2019-08-04 19:48:14',NULL,1991,13,1,3,1),(66,'2019-08-04 19:48:14','2019-08-04 19:48:14',NULL,1991,6,1,2,4),(67,'2019-08-04 19:48:14','2019-08-04 19:48:14',NULL,1991,11,1,1,1),(68,'2019-08-04 19:48:14','2019-08-04 19:48:14',NULL,1991,37,1,0,0),(69,'2019-08-04 19:48:14','2019-08-04 19:48:14',NULL,1991,38,1,0,0),(70,'2019-08-04 19:48:14','2019-08-04 19:48:14',NULL,1991,17,0,2,3),(71,'2019-08-04 19:48:14','2019-08-04 19:48:14',NULL,1991,4,0,2,1),(72,'2019-08-04 19:48:14','2019-08-04 19:48:14',NULL,1991,5,0,1,1),(73,'2019-08-04 19:48:14','2019-08-04 19:48:14',NULL,1991,8,0,1,0),(74,'2019-08-04 19:48:14','2019-08-04 19:48:14',NULL,1991,26,0,0,2),(75,'2019-08-04 19:48:14','2019-08-04 19:48:14',NULL,1991,24,0,0,2),(76,'2019-08-04 19:48:14','2019-08-04 19:48:14',NULL,1991,39,0,0,1),(77,'2019-08-04 19:48:18','2019-08-04 19:48:18',NULL,2011,1,17,6,9),(78,'2019-08-04 19:48:18','2019-08-04 19:48:18',NULL,2011,2,15,13,8),(79,'2019-08-04 19:48:18','2019-08-04 19:48:18',NULL,2011,3,8,6,4),(80,'2019-08-04 19:48:18','2019-08-04 19:48:18',NULL,2011,10,4,0,0),(81,'2019-08-04 19:48:18','2019-08-04 19:48:18',NULL,2011,6,3,4,2),(82,'2019-08-04 19:48:18','2019-08-04 19:48:18',NULL,2011,5,3,3,0),(83,'2019-08-04 19:48:18','2019-08-04 19:48:18',NULL,2011,7,2,10,4),(84,'2019-08-04 19:48:18','2019-08-04 19:48:18',NULL,2011,4,2,4,5),(85,'2019-08-04 19:48:18','2019-08-04 19:48:18',NULL,2011,12,2,1,3),(86,'2019-08-04 19:48:18','2019-08-04 19:48:18',NULL,2011,40,2,1,1),(87,'2019-08-04 19:48:18','2019-08-04 19:48:18',NULL,2011,26,2,1,0),(88,'2019-08-04 19:48:18','2019-08-04 19:48:18',NULL,2011,19,1,3,9),(89,'2019-08-04 19:48:18','2019-08-04 19:48:18',NULL,2011,8,1,1,0),(90,'2019-08-04 19:48:18','2019-08-04 19:48:18',NULL,2011,9,1,0,4),(91,'2019-08-04 19:48:18','2019-08-04 19:48:18',NULL,2011,25,1,0,0),(92,'2019-08-04 19:48:18','2019-08-04 19:48:18',NULL,2011,33,1,0,0),(93,'2019-08-04 19:48:18','2019-08-04 19:48:18',NULL,2011,41,1,0,0),(94,'2019-08-04 19:48:18','2019-08-04 19:48:18',NULL,2011,42,1,0,0),(95,'2019-08-04 19:48:18','2019-08-04 19:48:18',NULL,2011,43,1,0,0),(96,'2019-08-04 19:48:18','2019-08-04 19:48:18',NULL,2011,13,0,4,3),(97,'2019-08-04 19:48:18','2019-08-04 19:48:18',NULL,2011,17,0,4,2),(98,'2019-08-04 19:48:18','2019-08-04 19:48:18',NULL,2011,11,0,1,5),(99,'2019-08-04 19:48:18','2019-08-04 19:48:18',NULL,2011,24,0,1,0),(100,'2019-08-04 19:48:18','2019-08-04 19:48:18',NULL,2011,28,0,1,0),(101,'2019-08-04 19:48:18','2019-08-04 19:48:18',NULL,2011,15,0,0,3),(102,'2019-08-04 19:48:18','2019-08-04 19:48:18',NULL,2011,20,0,0,2),(103,'2019-08-04 19:48:18','2019-08-04 19:48:18',NULL,2011,16,0,0,1),(104,'2019-08-04 19:48:18','2019-08-04 19:48:18',NULL,2011,18,0,0,1),(105,'2019-08-04 19:48:20','2019-08-04 19:48:20',NULL,2005,1,17,15,7),(106,'2019-08-04 19:48:20','2019-08-04 19:48:20',NULL,2005,7,13,8,4),(107,'2019-08-04 19:48:20','2019-08-04 19:48:20',NULL,2005,2,5,5,7),(108,'2019-08-04 19:48:20','2019-08-04 19:48:20',NULL,2005,3,5,3,2),(109,'2019-08-04 19:48:20','2019-08-04 19:48:20',NULL,2005,13,3,4,3),(110,'2019-08-04 19:48:20','2019-08-04 19:48:20',NULL,2005,4,3,1,1),(111,'2019-08-04 19:48:20','2019-08-04 19:48:20',NULL,2005,19,2,7,4),(112,'2019-08-04 19:48:20','2019-08-04 19:48:20',NULL,2005,9,2,2,1),(113,'2019-08-04 19:48:20','2019-08-04 19:48:20',NULL,2005,44,2,2,0),(114,'2019-08-04 19:48:20','2019-08-04 19:48:20',NULL,2005,15,2,1,2),(115,'2019-08-04 19:48:20','2019-08-04 19:48:20',NULL,2005,12,2,1,1),(116,'2019-08-04 19:48:20','2019-08-04 19:48:20',NULL,2005,24,2,0,2),(117,'2019-08-04 19:48:20','2019-08-04 19:48:20',NULL,2005,6,1,3,3),(118,'2019-08-04 19:48:20','2019-08-04 19:48:20',NULL,2005,11,1,1,3),(119,'2019-08-04 19:48:20','2019-08-04 19:48:20',NULL,2005,40,1,0,1),(120,'2019-08-04 19:48:20','2019-08-04 19:48:20',NULL,2005,34,1,0,0),(121,'2019-08-04 19:48:20','2019-08-04 19:48:20',NULL,2005,17,0,5,7),(122,'2019-08-04 19:48:20','2019-08-04 19:48:20',NULL,2005,8,0,1,2),(123,'2019-08-04 19:48:20','2019-08-04 19:48:20',NULL,2005,45,0,1,1),(124,'2019-08-04 19:48:20','2019-08-04 19:48:20',NULL,2005,16,0,1,0),(125,'2019-08-04 19:48:20','2019-08-04 19:48:20',NULL,2005,46,0,1,0),(126,'2019-08-04 19:48:20','2019-08-04 19:48:20',NULL,2005,43,0,1,0),(127,'2019-08-04 19:48:20','2019-08-04 19:48:20',NULL,2005,5,0,0,4),(128,'2019-08-04 19:48:20','2019-08-04 19:48:20',NULL,2005,18,0,0,3),(129,'2019-08-04 19:48:20','2019-08-04 19:48:20',NULL,2005,33,0,0,2),(130,'2019-08-04 19:48:20','2019-08-04 19:48:20',NULL,2005,35,0,0,2),(131,'2019-08-04 19:48:22','2019-08-04 19:48:22',NULL,2001,7,13,4,6),(132,'2019-08-04 19:48:22','2019-08-04 19:48:22',NULL,2001,2,10,6,4),(133,'2019-08-04 19:48:22','2019-08-04 19:48:22',NULL,2001,1,9,9,8),(134,'2019-08-04 19:48:22','2019-08-04 19:48:22',NULL,2001,3,6,8,7),(135,'2019-08-04 19:48:22','2019-08-04 19:48:22',NULL,2001,6,6,2,4),(136,'2019-08-04 19:48:22','2019-08-04 19:48:22',NULL,2001,19,4,7,8),(137,'2019-08-04 19:48:22','2019-08-04 19:48:22',NULL,2001,12,3,5,1),(138,'2019-08-04 19:48:22','2019-08-04 19:48:22',NULL,2001,18,3,1,1),(139,'2019-08-04 19:48:22','2019-08-04 19:48:22',NULL,2001,8,1,3,2),(140,'2019-08-04 19:48:22','2019-08-04 19:48:22',NULL,2001,5,1,2,4),(141,'2019-08-04 19:48:22','2019-08-04 19:48:22',NULL,2001,17,1,1,7),(142,'2019-08-04 19:48:22','2019-08-04 19:48:22',NULL,2001,13,1,1,3),(143,'2019-08-04 19:48:22','2019-08-04 19:48:22',NULL,2001,32,1,1,2),(144,'2019-08-04 19:48:22','2019-08-04 19:48:22',NULL,2001,9,1,1,1),(145,'2019-08-04 19:48:22','2019-08-04 19:48:22',NULL,2001,11,1,0,0),(146,'2019-08-04 19:48:22','2019-08-04 19:48:22',NULL,2001,4,0,2,1),(147,'2019-08-04 19:48:22','2019-08-04 19:48:22',NULL,2001,45,0,2,0),(148,'2019-08-04 19:48:22','2019-08-04 19:48:22',NULL,2001,20,0,2,0),(149,'2019-08-04 19:48:22','2019-08-04 19:48:22',NULL,2001,47,0,1,1),(150,'2019-08-04 19:48:22','2019-08-04 19:48:22',NULL,2001,48,0,1,0),(151,'2019-08-04 19:48:22','2019-08-04 19:48:22',NULL,2001,24,0,1,0),(152,'2019-08-04 19:48:22','2019-08-04 19:48:22',NULL,2001,43,0,1,0),(153,'2019-08-04 19:48:22','2019-08-04 19:48:22',NULL,2001,38,0,1,0),(154,'2019-08-04 19:48:22','2019-08-04 19:48:22',NULL,2001,15,0,0,1),(155,'2019-08-04 19:48:24','2019-08-04 19:48:24',NULL,1998,1,16,6,8),(156,'2019-08-04 19:48:24','2019-08-04 19:48:24',NULL,1998,3,11,2,3),(157,'2019-08-04 19:48:24','2019-08-04 19:48:24',NULL,1998,7,7,7,10),(158,'2019-08-04 19:48:24','2019-08-04 19:48:24',NULL,1998,2,6,8,4),(159,'2019-08-04 19:48:24','2019-08-04 19:48:24',NULL,1998,18,3,1,0),(160,'2019-08-04 19:48:24','2019-08-04 19:48:24',NULL,1998,19,1,7,6),(161,'2019-08-04 19:48:24','2019-08-04 19:48:24',NULL,1998,12,1,4,3),(162,'2019-08-04 19:48:24','2019-08-04 19:48:24',NULL,1998,4,1,4,1),(163,'2019-08-04 19:48:24','2019-08-04 19:48:24',NULL,1998,6,1,2,1),(164,'2019-08-04 19:48:24','2019-08-04 19:48:24',NULL,1998,9,1,1,2),(165,'2019-08-04 19:48:24','2019-08-04 19:48:24',NULL,1998,11,1,1,0),(166,'2019-08-04 19:48:24','2019-08-04 19:48:24',NULL,1998,49,1,0,0),(167,'2019-08-04 19:48:24','2019-08-04 19:48:24',NULL,1998,48,1,0,0),(168,'2019-08-04 19:48:24','2019-08-04 19:48:24',NULL,1998,17,0,4,4),(169,'2019-08-04 19:48:24','2019-08-04 19:48:24',NULL,1998,31,0,2,1),(170,'2019-08-04 19:48:24','2019-08-04 19:48:24',NULL,1998,13,0,1,3),(171,'2019-08-04 19:48:24','2019-08-04 19:48:24',NULL,1998,8,0,1,1),(172,'2019-08-04 19:48:24','2019-08-04 19:48:24',NULL,1998,5,0,0,2),(173,'2019-08-04 19:48:24','2019-08-04 19:48:24',NULL,1998,50,0,0,1),(174,'2019-08-04 19:48:24','2019-08-04 19:48:24',NULL,1998,51,0,0,1),(175,'2019-08-04 19:48:24','2019-08-04 19:48:24',NULL,1998,38,0,0,1),(176,'2019-08-04 19:48:26','2019-08-04 19:48:26',NULL,2015,2,15,10,10),(177,'2019-08-04 19:48:26','2019-08-04 19:48:26',NULL,2015,1,13,14,6),(178,'2019-08-04 19:48:26','2019-08-04 19:48:26',NULL,2015,3,9,4,4),(179,'2019-08-04 19:48:26','2019-08-04 19:48:26',NULL,2015,7,7,3,8),(180,'2019-08-04 19:48:26','2019-08-04 19:48:26',NULL,2015,5,7,1,6),(181,'2019-08-04 19:48:26','2019-08-04 19:48:26',NULL,2015,4,5,1,1),(182,'2019-08-04 19:48:26','2019-08-04 19:48:26',NULL,2015,6,3,3,8),(183,'2019-08-04 19:48:26','2019-08-04 19:48:26',NULL,2015,9,3,3,4),(184,'2019-08-04 19:48:26','2019-08-04 19:48:26',NULL,2015,8,3,2,1),(185,'2019-08-04 19:48:26','2019-08-04 19:48:26',NULL,2015,17,3,1,4),(186,'2019-08-04 19:48:26','2019-08-04 19:48:26',NULL,2015,15,2,3,0),(187,'2019-08-04 19:48:26','2019-08-04 19:48:26',NULL,2015,19,2,1,4),(188,'2019-08-04 19:48:26','2019-08-04 19:48:26',NULL,2015,10,1,4,2),(189,'2019-08-04 19:48:26','2019-08-04 19:48:26',NULL,2015,21,1,0,1),(190,'2019-08-04 19:48:26','2019-08-04 19:48:26',NULL,2015,28,1,0,0),(191,'2019-08-04 19:48:26','2019-08-04 19:48:26',NULL,2015,12,0,8,0),(192,'2019-08-04 19:48:26','2019-08-04 19:48:26',NULL,2015,13,0,4,4),(193,'2019-08-04 19:48:26','2019-08-04 19:48:26',NULL,2015,26,0,2,2),(194,'2019-08-04 19:48:26','2019-08-04 19:48:26',NULL,2015,18,0,2,1),(195,'2019-08-04 19:48:26','2019-08-04 19:48:26',NULL,2015,20,0,2,0),(196,'2019-08-04 19:48:26','2019-08-04 19:48:26',NULL,2015,52,0,2,0),(197,'2019-08-04 19:48:26','2019-08-04 19:48:26',NULL,2015,40,0,1,2),(198,'2019-08-04 19:48:26','2019-08-04 19:48:26',NULL,2015,24,0,1,2),(199,'2019-08-04 19:48:26','2019-08-04 19:48:26',NULL,2015,11,0,1,2),(200,'2019-08-04 19:48:26','2019-08-04 19:48:26',NULL,2015,53,0,1,1),(201,'2019-08-04 19:48:26','2019-08-04 19:48:26',NULL,2015,16,0,1,0),(202,'2019-08-04 19:48:26','2019-08-04 19:48:26',NULL,2015,54,0,1,0),(203,'2019-08-04 19:48:26','2019-08-04 19:48:26',NULL,2015,50,0,0,1),(204,'2019-08-04 19:48:26','2019-08-04 19:48:26',NULL,2015,25,0,0,1),(205,'2019-08-04 19:48:26','2019-08-04 19:48:26',NULL,2015,14,0,0,1),(206,'2019-08-04 19:48:26','2019-08-04 19:48:26',NULL,2015,29,0,0,1),(207,'2019-08-04 19:48:29','2019-08-04 19:48:29',NULL,2013,1,15,10,9),(208,'2019-08-04 19:48:29','2019-08-04 19:48:29',NULL,2013,2,14,8,4),(209,'2019-08-04 19:48:29','2019-08-04 19:48:29',NULL,2013,3,9,6,4),(210,'2019-08-04 19:48:29','2019-08-04 19:48:29',NULL,2013,4,4,1,4),(211,'2019-08-04 19:48:29','2019-08-04 19:48:29',NULL,2013,9,4,1,2),(212,'2019-08-04 19:48:29','2019-08-04 19:48:29',NULL,2013,7,3,11,0),(213,'2019-08-04 19:48:29','2019-08-04 19:48:29',NULL,2013,19,3,3,4),(214,'2019-08-04 19:48:29','2019-08-04 19:48:29',NULL,2013,10,3,2,5),(215,'2019-08-04 19:48:29','2019-08-04 19:48:29',NULL,2013,15,3,1,1),(216,'2019-08-04 19:48:29','2019-08-04 19:48:29',NULL,2013,11,1,6,5),(217,'2019-08-04 19:48:29','2019-08-04 19:48:29',NULL,2013,6,1,3,1),(218,'2019-08-04 19:48:29','2019-08-04 19:48:29',NULL,2013,26,1,3,0),(219,'2019-08-04 19:48:29','2019-08-04 19:48:29',NULL,2013,17,1,2,3),(220,'2019-08-04 19:48:29','2019-08-04 19:48:29',NULL,2013,40,1,1,0),(221,'2019-08-04 19:48:29','2019-08-04 19:48:29',NULL,2013,54,1,1,0),(222,'2019-08-04 19:48:29','2019-08-04 19:48:29',NULL,2013,8,1,1,0),(223,'2019-08-04 19:48:29','2019-08-04 19:48:29',NULL,2013,12,1,0,3),(224,'2019-08-04 19:48:29','2019-08-04 19:48:29',NULL,2013,35,1,0,1),(225,'2019-08-04 19:48:29','2019-08-04 19:48:29',NULL,2013,55,1,0,0),(226,'2019-08-04 19:48:29','2019-08-04 19:48:29',NULL,2013,13,0,3,4),(227,'2019-08-04 19:48:29','2019-08-04 19:48:29',NULL,2013,24,0,2,1),(228,'2019-08-04 19:48:29','2019-08-04 19:48:29',NULL,2013,18,0,1,4),(229,'2019-08-04 19:48:29','2019-08-04 19:48:29',NULL,2013,5,0,1,1),(230,'2019-08-04 19:48:29','2019-08-04 19:48:29',NULL,2013,49,0,1,0),(231,'2019-08-04 19:48:29','2019-08-04 19:48:29',NULL,2013,56,0,1,0),(232,'2019-08-04 19:48:29','2019-08-04 19:48:29',NULL,2013,20,0,0,4),(233,'2019-08-04 19:48:29','2019-08-04 19:48:29',NULL,2013,52,0,0,3),(234,'2019-08-04 19:48:29','2019-08-04 19:48:29',NULL,2013,16,0,0,1),(235,'2019-08-04 19:48:29','2019-08-04 19:48:29',NULL,2013,30,0,0,1),(236,'2019-08-04 19:48:29','2019-08-04 19:48:29',NULL,2013,14,0,0,1),(237,'2019-08-04 19:48:29','2019-08-04 19:48:29',NULL,2013,57,0,0,1),(238,'2019-08-04 19:48:32','2019-08-04 19:48:32',NULL,2009,1,11,11,7),(239,'2019-08-04 19:48:32','2019-08-04 19:48:32',NULL,2009,2,11,7,11),(240,'2019-08-04 19:48:32','2019-08-04 19:48:32',NULL,2009,3,8,8,4),(241,'2019-08-04 19:48:32','2019-08-04 19:48:32',NULL,2009,19,7,4,1),(242,'2019-08-04 19:48:32','2019-08-04 19:48:32',NULL,2009,7,4,5,10),(243,'2019-08-04 19:48:32','2019-08-04 19:48:32',NULL,2009,5,4,3,2),(244,'2019-08-04 19:48:32','2019-08-04 19:48:32',NULL,2009,6,4,1,5),(245,'2019-08-04 19:48:32','2019-08-04 19:48:32',NULL,2009,28,3,1,0),(246,'2019-08-04 19:48:32','2019-08-04 19:48:32',NULL,2009,9,2,1,3),(247,'2019-08-04 19:48:32','2019-08-04 19:48:32',NULL,2009,10,2,1,1),(248,'2019-08-04 19:48:32','2019-08-04 19:48:32',NULL,2009,11,1,7,3),(249,'2019-08-04 19:48:32','2019-08-04 19:48:32',NULL,2009,17,1,2,1),(250,'2019-08-04 19:48:32','2019-08-04 19:48:32',NULL,2009,35,1,2,0),(251,'2019-08-04 19:48:32','2019-08-04 19:48:32',NULL,2009,26,1,1,0),(252,'2019-08-04 19:48:32','2019-08-04 19:48:32',NULL,2009,8,1,1,0),(253,'2019-08-04 19:48:32','2019-08-04 19:48:32',NULL,2009,44,1,1,0),(254,'2019-08-04 19:48:32','2019-08-04 19:48:32',NULL,2009,15,1,0,3),(255,'2019-08-04 19:48:32','2019-08-04 19:48:32',NULL,2009,12,1,0,1),(256,'2019-08-04 19:48:32','2019-08-04 19:48:32',NULL,2009,20,1,0,0),(257,'2019-08-04 19:48:32','2019-08-04 19:48:32',NULL,2009,13,0,4,5),(258,'2019-08-04 19:48:32','2019-08-04 19:48:32',NULL,2009,4,0,3,3),(259,'2019-08-04 19:48:32','2019-08-04 19:48:32',NULL,2009,40,0,1,0),(260,'2019-08-04 19:48:32','2019-08-04 19:48:32',NULL,2009,24,0,1,0),(261,'2019-08-04 19:48:32','2019-08-04 19:48:32',NULL,2009,45,0,0,1),(262,'2019-08-04 19:48:32','2019-08-04 19:48:32',NULL,2009,16,0,0,1),(263,'2019-08-04 19:48:32','2019-08-04 19:48:32',NULL,2009,46,0,0,1),(264,'2019-08-04 19:48:32','2019-08-04 19:48:32',NULL,2009,54,0,0,1),(265,'2019-08-04 19:48:32','2019-08-04 19:48:32',NULL,2009,14,0,0,1),(266,'2019-08-04 19:48:32','2019-08-04 19:48:32',NULL,2009,42,0,0,1),(267,'2019-08-04 19:48:32','2019-08-04 19:48:32',NULL,2009,32,0,0,1),(268,'2019-08-04 19:48:34','2019-08-04 19:48:34',NULL,2007,1,21,14,5),(269,'2019-08-04 19:48:34','2019-08-04 19:48:34',NULL,2007,3,11,6,8),(270,'2019-08-04 19:48:34','2019-08-04 19:48:34',NULL,2007,7,9,9,8),(271,'2019-08-04 19:48:34','2019-08-04 19:48:34',NULL,2007,2,9,5,2),(272,'2019-08-04 19:48:34','2019-08-04 19:48:34',NULL,2007,4,3,2,2),(273,'2019-08-04 19:48:34','2019-08-04 19:48:34',NULL,2007,19,2,5,4),(274,'2019-08-04 19:48:34','2019-08-04 19:48:34',NULL,2007,24,2,1,1),(275,'2019-08-04 19:48:34','2019-08-04 19:48:34',NULL,2007,15,2,0,1),(276,'2019-08-04 19:48:34','2019-08-04 19:48:34',NULL,2007,17,1,4,8),(277,'2019-08-04 19:48:34','2019-08-04 19:48:34',NULL,2007,13,1,3,1),(278,'2019-08-04 19:48:34','2019-08-04 19:48:34',NULL,2007,6,1,2,6),(279,'2019-08-04 19:48:34','2019-08-04 19:48:34',NULL,2007,8,1,1,1),(280,'2019-08-04 19:48:34','2019-08-04 19:48:34',NULL,2007,41,1,0,1),(281,'2019-08-04 19:48:34','2019-08-04 19:48:34',NULL,2007,18,1,0,1),(282,'2019-08-04 19:48:34','2019-08-04 19:48:34',NULL,2007,16,1,0,0),(283,'2019-08-04 19:48:34','2019-08-04 19:48:34',NULL,2007,11,0,4,3),(284,'2019-08-04 19:48:34','2019-08-04 19:48:34',NULL,2007,5,0,2,3),(285,'2019-08-04 19:48:34','2019-08-04 19:48:34',NULL,2007,12,0,2,3),(286,'2019-08-04 19:48:34','2019-08-04 19:48:34',NULL,2007,44,0,2,0),(287,'2019-08-04 19:48:34','2019-08-04 19:48:34',NULL,2007,9,0,1,1),(288,'2019-08-04 19:48:35','2019-08-04 19:48:35',NULL,2007,25,0,1,0),(289,'2019-08-04 19:48:35','2019-08-04 19:48:35',NULL,2007,43,0,1,0),(290,'2019-08-04 19:48:35','2019-08-04 19:48:35',NULL,2007,45,0,0,1),(291,'2019-08-04 19:48:35','2019-08-04 19:48:35',NULL,2007,26,0,0,1),(292,'2019-08-04 19:48:35','2019-08-04 19:48:35',NULL,2007,27,0,0,1),(293,'2019-08-04 19:48:35','2019-08-04 19:48:35',NULL,2007,40,0,0,1),(294,'2019-08-04 19:48:35','2019-08-04 19:48:35',NULL,2007,58,0,0,1),(295,'2019-08-04 19:48:35','2019-08-04 19:48:35',NULL,1994,2,16,10,2),(296,'2019-08-04 19:48:35','2019-08-04 19:48:35',NULL,1994,1,7,10,8),(297,'2019-08-04 19:48:35','2019-08-04 19:48:35',NULL,1994,3,5,7,5),(298,'2019-08-04 19:48:35','2019-08-04 19:48:35',NULL,1994,7,5,3,4),(299,'2019-08-04 19:48:35','2019-08-04 19:48:35',NULL,1994,9,3,3,4),(300,'2019-08-04 19:48:35','2019-08-04 19:48:35',NULL,1994,30,2,2,0),(301,'2019-08-04 19:48:35','2019-08-04 19:48:35',NULL,1994,13,1,2,2),(302,'2019-08-04 19:48:35','2019-08-04 19:48:35',NULL,1994,11,1,2,0),(303,'2019-08-04 19:48:35','2019-08-04 19:48:35',NULL,1994,8,1,2,0),(304,'2019-08-04 19:48:35','2019-08-04 19:48:35',NULL,1994,19,1,1,6),(305,'2019-08-04 19:48:35','2019-08-04 19:48:35',NULL,1994,6,1,0,2),(306,'2019-08-04 19:48:35','2019-08-04 19:48:35',NULL,1994,24,1,0,0),(307,'2019-08-04 19:48:35','2019-08-04 19:48:35',NULL,1994,44,1,0,0),(308,'2019-08-04 19:48:35','2019-08-04 19:48:35',NULL,1994,17,0,2,1),(309,'2019-08-04 19:48:35','2019-08-04 19:48:35',NULL,1994,52,0,1,2),(310,'2019-08-04 19:48:35','2019-08-04 19:48:35',NULL,1994,12,0,1,0),(311,'2019-08-04 19:48:35','2019-08-04 19:48:35',NULL,1994,49,0,0,2),(312,'2019-08-04 19:48:35','2019-08-04 19:48:35',NULL,1994,10,0,0,2),(313,'2019-08-04 19:48:35','2019-08-04 19:48:35',NULL,1994,48,0,0,2),(314,'2019-08-04 19:48:35','2019-08-04 19:48:35',NULL,1994,54,0,0,1),(315,'2019-08-04 19:48:35','2019-08-04 19:48:35',NULL,1994,20,0,0,1),(316,'2019-08-04 19:48:36','2019-08-04 19:48:36',NULL,1982,1,13,11,10),(317,'2019-08-04 19:48:36','2019-08-04 19:48:36',NULL,1982,59,12,9,5),(318,'2019-08-04 19:48:36','2019-08-04 19:48:36',NULL,1982,36,5,9,4),(319,'2019-08-04 19:48:36','2019-08-04 19:48:36',NULL,1982,13,3,3,1),(320,'2019-08-04 19:48:36','2019-08-04 19:48:36',NULL,1982,60,2,1,3),(321,'2019-08-04 19:48:36','2019-08-04 19:48:36',NULL,1982,12,1,1,2),(322,'2019-08-04 19:48:36','2019-08-04 19:48:36',NULL,1982,10,1,0,0),(323,'2019-08-04 19:48:36','2019-08-04 19:48:36',NULL,1982,9,0,2,0),(324,'2019-08-04 19:48:36','2019-08-04 19:48:36',NULL,1982,7,0,1,0),(325,'2019-08-04 19:48:36','2019-08-04 19:48:36',NULL,1982,5,0,1,0),(326,'2019-08-04 19:48:36','2019-08-04 19:48:36',NULL,1982,17,0,0,3),(327,'2019-08-04 19:48:36','2019-08-04 19:48:36',NULL,1982,8,0,0,3),(328,'2019-08-04 19:48:36','2019-08-04 19:48:36',NULL,1982,2,0,0,2),(329,'2019-08-04 19:48:36','2019-08-04 19:48:36',NULL,1982,6,0,0,1),(330,'2019-08-04 19:48:36','2019-08-04 19:48:36',NULL,1982,32,0,0,1),(331,'2019-08-04 19:48:36','2019-08-04 19:48:36',NULL,1982,38,0,0,1),(332,'2019-08-04 19:48:38','2019-08-04 19:48:38',NULL,1978,1,23,14,7),(333,'2019-08-04 19:48:38','2019-08-04 19:48:38',NULL,1978,36,6,4,6),(334,'2019-08-04 19:48:38','2019-08-04 19:48:38',NULL,1978,13,3,1,5),(335,'2019-08-04 19:48:38','2019-08-04 19:48:38',NULL,1978,7,2,0,0),(336,'2019-08-04 19:48:38','2019-08-04 19:48:38',NULL,1978,59,1,10,4),(337,'2019-08-04 19:48:38','2019-08-04 19:48:38',NULL,1978,60,1,2,4),(338,'2019-08-04 19:48:38','2019-08-04 19:48:38',NULL,1978,6,1,0,1),(339,'2019-08-04 19:48:38','2019-08-04 19:48:38',NULL,1978,17,0,2,1),(340,'2019-08-04 19:48:38','2019-08-04 19:48:38',NULL,1978,9,0,1,2),(341,'2019-08-04 19:48:38','2019-08-04 19:48:38',NULL,1978,38,0,1,1),(342,'2019-08-04 19:48:38','2019-08-04 19:48:38',NULL,1978,52,0,1,0),(343,'2019-08-04 19:48:38','2019-08-04 19:48:38',NULL,1978,42,0,1,0),(344,'2019-08-04 19:48:38','2019-08-04 19:48:38',NULL,1978,5,0,0,2),(345,'2019-08-04 19:48:38','2019-08-04 19:48:38',NULL,1978,8,0,0,2),(346,'2019-08-04 19:48:38','2019-08-04 19:48:38',NULL,1978,10,0,0,1),(347,'2019-08-04 19:48:38','2019-08-04 19:48:38',NULL,1978,26,0,0,1),(348,'2019-08-04 19:48:40','2019-08-04 19:48:40',NULL,1986,59,14,12,4),(349,'2019-08-04 19:48:40','2019-08-04 19:48:40',NULL,1986,1,9,10,13),(350,'2019-08-04 19:48:40','2019-08-04 19:48:40',NULL,1986,13,4,2,2),(351,'2019-08-04 19:48:40','2019-08-04 19:48:40',NULL,1986,60,4,2,1),(352,'2019-08-04 19:48:40','2019-08-04 19:48:40',NULL,1986,9,3,0,0),(353,'2019-08-04 19:48:40','2019-08-04 19:48:40',NULL,1986,2,2,4,1),(354,'2019-08-04 19:48:40','2019-08-04 19:48:40',NULL,1986,36,2,3,7),(355,'2019-08-04 19:48:40','2019-08-04 19:48:40',NULL,1986,32,1,0,1),(356,'2019-08-04 19:48:40','2019-08-04 19:48:40',NULL,1986,7,1,0,0),(357,'2019-08-04 19:48:40','2019-08-04 19:48:40',NULL,1986,38,1,0,0),(358,'2019-08-04 19:48:40','2019-08-04 19:48:40',NULL,1986,6,0,3,0),(359,'2019-08-04 19:48:40','2019-08-04 19:48:40',NULL,1986,12,0,1,4),(360,'2019-08-04 19:48:40','2019-08-04 19:48:40',NULL,1986,33,0,1,1),(361,'2019-08-04 19:48:40','2019-08-04 19:48:40',NULL,1986,4,0,1,1),(362,'2019-08-04 19:48:40','2019-08-04 19:48:40',NULL,1986,43,0,1,1),(363,'2019-08-04 19:48:40','2019-08-04 19:48:40',NULL,1986,52,0,1,0),(364,'2019-08-04 19:48:40','2019-08-04 19:48:40',NULL,1986,5,0,0,2),(365,'2019-08-04 19:48:40','2019-08-04 19:48:40',NULL,1986,17,0,0,2),(366,'2019-08-04 19:48:40','2019-08-04 19:48:40',NULL,1986,26,0,0,1),(367,'2019-08-04 19:48:42','2019-08-04 19:48:42',NULL,1975,1,16,11,10),(368,'2019-08-04 19:48:42','2019-08-04 19:48:42',NULL,1975,59,11,7,5),(369,'2019-08-04 19:48:42','2019-08-04 19:48:42',NULL,1975,9,3,1,0),(370,'2019-08-04 19:48:42','2019-08-04 19:48:42',NULL,1975,36,2,5,4),(371,'2019-08-04 19:48:42','2019-08-04 19:48:42',NULL,1975,5,2,1,5),(372,'2019-08-04 19:48:42','2019-08-04 19:48:42',NULL,1975,60,1,2,1),(373,'2019-08-04 19:48:42','2019-08-04 19:48:42',NULL,1975,7,1,2,0),(374,'2019-08-04 19:48:42','2019-08-04 19:48:42',NULL,1975,6,1,1,2),(375,'2019-08-04 19:48:42','2019-08-04 19:48:42',NULL,1975,13,0,4,2),(376,'2019-08-04 19:48:42','2019-08-04 19:48:42',NULL,1975,12,0,2,3),(377,'2019-08-04 19:48:42','2019-08-04 19:48:42',NULL,1975,17,0,1,3),(378,'2019-08-04 19:48:42','2019-08-04 19:48:42',NULL,1975,20,0,0,1),(379,'2019-08-04 19:48:42','2019-08-04 19:48:42',NULL,1975,8,0,0,1),(380,'2019-08-05 11:47:56','2019-08-05 11:47:56',NULL,2019,2,16,11,3),(381,'2019-08-05 11:47:56','2019-08-05 11:47:56',NULL,2019,1,15,11,10),(382,'2019-08-05 11:47:56','2019-08-05 11:47:56',NULL,2019,3,12,11,7),(383,'2019-08-05 11:47:56','2019-08-05 11:47:56',NULL,2019,7,7,9,7),(384,'2019-08-05 11:47:56','2019-08-05 11:47:56',NULL,2019,9,5,0,0),(385,'2019-08-05 11:47:56','2019-08-05 11:47:56',NULL,2019,6,4,6,5),(386,'2019-08-05 11:47:56','2019-08-05 11:47:56',NULL,2019,5,4,2,6),(387,'2019-08-05 11:47:57','2019-08-05 11:47:57',NULL,2019,19,3,2,3),(388,'2019-08-05 11:47:57','2019-08-05 11:47:57',NULL,2019,10,2,3,2),(389,'2019-08-05 11:47:57','2019-08-05 11:47:57',NULL,2019,13,2,2,7),(390,'2019-08-05 11:47:57','2019-08-05 11:47:57',NULL,2019,17,2,2,6),(391,'2019-08-05 11:47:57','2019-08-05 11:47:57',NULL,2019,4,1,3,3),(392,'2019-08-05 11:47:57','2019-08-05 11:47:57',NULL,2019,8,1,2,2),(393,'2019-08-05 11:47:57','2019-08-05 11:47:57',NULL,2019,18,1,1,5),(394,'2019-08-05 11:47:57','2019-08-05 11:47:57',NULL,2019,15,1,1,2),(395,'2019-08-05 11:47:57','2019-08-05 11:47:57',NULL,2019,11,0,4,1),(396,'2019-08-05 11:47:57','2019-08-05 11:47:57',NULL,2019,20,0,2,4),(397,'2019-08-05 11:47:57','2019-08-05 11:47:57',NULL,2019,43,0,1,0),(398,'2019-08-05 11:47:57','2019-08-05 11:47:57',NULL,2019,14,0,1,0),(399,'2019-08-05 11:47:57','2019-08-05 11:47:57',NULL,2019,42,0,1,0),(400,'2019-08-05 11:47:57','2019-08-05 11:47:57',NULL,2019,12,0,1,0),(401,'2019-08-05 11:47:57','2019-08-05 11:47:57',NULL,2019,40,0,1,0),(402,'2019-08-05 11:47:57','2019-08-05 11:47:57',NULL,2019,27,0,0,1),(403,'2019-08-05 11:47:57','2019-08-05 11:47:57',NULL,2019,52,0,0,1),(404,'2019-08-05 11:47:57','2019-08-05 11:47:57',NULL,2019,41,0,0,1),(405,'2019-08-05 11:47:57','2019-08-05 11:47:57',NULL,2019,16,0,0,1);
/*!40000 ALTER TABLE `medal` ENABLE KEYS */;
UNLOCK TABLES;

--
-- Table structure for table `records`
--

DROP TABLE IF EXISTS `records`;
/*!40101 SET @saved_cs_client     = @@character_set_client */;
 SET character_set_client = utf8mb4 ;
CREATE TABLE `records` (
  `id` bigint(20) NOT NULL AUTO_INCREMENT,
  `created_at` datetime DEFAULT NULL,
  `updated_at` datetime DEFAULT NULL,
  `deleted_at` datetime DEFAULT NULL,
  `event_name` varchar(32) DEFAULT NULL,
  `record` varchar(32) DEFAULT NULL,
  `country_id` int(3) DEFAULT NULL,
  `date` datetime DEFAULT NULL,
  `location` varchar(255) DEFAULT NULL,
  `competition_class` int(11) DEFAULT NULL,
  `sport_class` int(11) DEFAULT NULL,
  `name` varchar(255) DEFAULT NULL,
  PRIMARY KEY (`id`)
) ENGINE=InnoDB AUTO_INCREMENT=43 DEFAULT CHARSET=utf8;
/*!40101 SET character_set_client = @saved_cs_client */;

--
-- Dumping data for table `records`
--

LOCK TABLES `records` WRITE;
/*!40000 ALTER TABLE `records` DISABLE KEYS */;
INSERT INTO `records` VALUES (1,'2019-08-04 19:48:54','2019-08-04 19:48:54',NULL,'50m Freestyle','20.91',10,'2009-12-18 00:00:00','São Paulo',0,0,'Cesar Cielo'),(2,'2019-08-04 19:48:54','2019-08-04 19:48:54',NULL,'100m Freestyle','46.91',10,'2009-07-30 18:00:04','Rome',0,0,'Cesar Cielo'),(3,'2019-08-04 19:48:54','2019-08-04 19:48:54',NULL,'200m Freestyle','1:42.00',19,'2009-07-28 18:00:01','Rome',0,0,'Paul Biedermann'),(4,'2019-08-04 19:48:54','2019-08-04 19:48:54',NULL,'400m Freestyle','3:40.07',19,'2009-07-26 18:00:02','Rome',0,0,'Paul Biedermann'),(5,'2019-08-04 19:48:54','2019-08-04 19:48:54',NULL,'800m Freestyle','7:32.12',2,'2009-07-29 18:00:08','Rome',0,0,'Zhang Lin'),(6,'2019-08-04 19:48:54','2019-08-04 19:48:54',NULL,'1500m Freestyle','14:31.02',2,'2012-08-04 19:54:00','London',0,0,'Sun Yang'),(7,'2019-08-04 19:48:54','2019-08-04 19:48:54',NULL,'50m Backstroke','24.00',3,'2018-08-04 18:18:00','Glasgow',0,0,'Kliment Kolesnikov'),(8,'2019-08-04 19:48:54','2019-08-04 19:48:54',NULL,'100m Backstroke','51.85',1,'2016-08-13 00:00:00','Rio de Janeiro',0,0,'Ryan Murphy'),(9,'2019-08-04 19:48:54','2019-08-04 19:48:54',NULL,'200m Backstroke','1:51.92',1,'2009-07-31 18:00:02','Rome',0,0,'Aaron Peirsol'),(10,'2019-08-04 19:48:54','2019-08-04 19:48:54',NULL,'50m Breaststroke','25.95',5,'2017-07-25 18:11:00','Budapest',0,0,'Adam Peaty'),(11,'2019-08-04 19:48:54','2019-08-04 19:48:54',NULL,'100m Breaststroke','56.88',5,'2019-07-21 20:51:00','Gwangju',0,0,'Adam Peaty'),(12,'2019-08-04 19:48:54','2019-08-04 19:48:54',NULL,'200m Breaststroke','2:06.12',3,'2019-07-26 21:26:00','Gwangju',0,0,'Anton Chupkov'),(13,'2019-08-04 19:48:54','2019-08-04 19:48:54',NULL,'50m Butterfly','22.27',18,'2018-07-01 00:00:00','Rome',0,0,'Andrii Govorov'),(14,'2019-08-04 19:48:54','2019-08-04 19:48:54',NULL,'100m Butterfly','49.50',1,'2019-07-26 20:10:00','Gwangju',0,0,'Caeleb Dressel'),(15,'2019-08-04 19:48:54','2019-08-04 19:48:54',NULL,'200m Butterfly','1:50.73',9,'2019-07-24 20:47:00','Gwangju',0,0,'Kristóf Milák'),(16,'2019-08-04 19:48:54','2019-08-04 19:48:54',NULL,'200m Individual Medley','1:54.00',1,'2011-07-28 18:00:00','Shanghai',0,0,'Ryan Lochte'),(17,'2019-08-04 19:48:54','2019-08-04 19:48:54',NULL,'400m Individual Medley','4:03.84',1,'2008-08-10 10:07:00','Beijing',0,0,'Michael Phelps'),(18,'2019-08-04 19:48:54','2019-08-04 19:48:54',NULL,'4 x 100m Freestyle Relay','3:08.24',1,'2008-08-11 11:29:00','Beijing',0,0,'United States'),(19,'2019-08-04 19:48:54','2019-08-04 19:48:54',NULL,'4 x 200m Freestyle Relay','6:58.55',1,'2009-07-31 18:00:09','Rome',0,0,'United States'),(20,'2019-08-04 19:48:54','2019-08-04 19:48:54',NULL,'4 x 100m Medley Relay','3:27.28',1,'2009-08-02 18:00:07','Rome',0,0,'United States'),(21,'2019-08-04 19:48:54','2019-08-04 19:48:54',NULL,'50m Freestyle','23.67',8,'2017-07-29 18:28:00','Budapest',0,0,'Sarah Sjöström'),(22,'2019-08-04 19:48:54','2019-08-04 19:48:54',NULL,'100m Freestyle','51.71',8,'2017-07-23 00:00:00','Budapest',0,0,'Sarah Sjöström'),(23,'2019-08-04 19:48:54','2019-08-04 19:48:54',NULL,'200m Freestyle','1:52.98',6,'2009-07-29 18:00:04','Rome',0,0,'Federica Pellegrini'),(24,'2019-08-04 19:48:54','2019-08-04 19:48:54',NULL,'400m Freestyle','3:56.46',1,'2016-08-07 23:09:00','Rio de Janeiro',0,0,'Katie Ledecky'),(25,'2019-08-04 19:48:54','2019-08-04 19:48:54',NULL,'800m Freestyle','8:04.79',1,'2016-08-12 22:33:00','Rio de Janeiro',0,0,'Katie Ledecky'),(26,'2019-08-04 19:48:54','2019-08-04 19:48:54',NULL,'1500m Freestyle','15:20.48',1,'2018-05-16 00:00:00','Indianapolis, IN',0,0,'Katie Ledecky'),(27,'2019-08-04 19:48:54','2019-08-04 19:48:54',NULL,'50m Backstroke','26.98',2,'2018-08-21 18:03:00','Jakarta',0,0,'Liu Xiang'),(28,'2019-08-04 19:48:54','2019-08-04 19:48:54',NULL,'100m Backstroke','57.57',1,'2019-07-28 00:00:00','Gwangju',0,0,'Regan Smith'),(29,'2019-08-04 19:48:54','2019-08-04 19:48:54',NULL,'200m Backstroke','2:03.35',1,'2019-07-26 20:20:00','Gwangju',0,0,'Regan Smith'),(30,'2019-08-04 19:48:54','2019-08-04 19:48:54',NULL,'50m Breaststroke','29.40',1,'2017-07-30 17:32:00','Budapest',0,0,'Lilly King'),(31,'2019-08-04 19:48:54','2019-08-04 19:48:54',NULL,'100m Breaststroke','1:04.13',1,'2017-07-25 19:17:00','Budapest',0,0,'Lilly King'),(32,'2019-08-04 19:48:54','2019-08-04 19:48:54',NULL,'200m Breaststroke','2:19.11',26,'2013-08-01 18:00:00','Barcelona',0,0,'Rikke Møller Pedersen'),(33,'2019-08-04 19:48:54','2019-08-04 19:48:54',NULL,'50m Butterfly','24.43',8,'2014-07-05 00:00:00','Borås',0,0,'Sarah Sjöström'),(34,'2019-08-04 19:48:54','2019-08-04 19:48:54',NULL,'100m Butterfly','55.48',8,'2016-08-07 22:08:00','Rio de Janeiro',0,0,'Sarah Sjöström'),(35,'2019-08-04 19:48:54','2019-08-04 19:48:54',NULL,'200m Butterfly','2:01.81',2,'2009-10-21 00:00:00','Jinan',0,0,'Liu Zige'),(36,'2019-08-04 19:48:54','2019-08-04 19:48:54',NULL,'200m Individual Medley','2:06.12',9,'2015-08-03 19:00:00','Kazan',0,0,'Katinka Hosszú'),(37,'2019-08-04 19:48:54','2019-08-04 19:48:54',NULL,'400m Individual Medley','4:26.36',9,'2016-08-06 22:57:00','Rio de Janeiro',0,0,'Katinka Hosszú'),(38,'2019-08-04 19:48:54','2019-08-04 19:48:54',NULL,'4 x 100m Freestyle Relay','3:30.05',7,'2018-04-05 21:50:00','Gold Coast',0,0,'Australia'),(39,'2019-08-04 19:48:54','2019-08-04 19:48:54',NULL,'4 x 200m Freestyle Relay','7:41.50',7,'2019-07-25 21:47:00','Gwangju',0,0,'Australia'),(40,'2019-08-04 19:48:54','2019-08-04 19:48:54',NULL,'4 x 100m Medley Relay','3:50.40',1,'2019-07-28 21:56:00','Gwangju',0,0,'United States'),(41,'2019-08-04 19:48:54','2019-08-04 19:48:54',NULL,'4 x 100m Freestyle Relay','3:19.40',1,'2019-07-27 21:47:00','Gwangju',0,0,'United States'),(42,'2019-08-04 19:48:54','2019-08-04 19:48:54',NULL,'4 x 100m Medley Relay','3:38.56',1,'2017-07-26 19:19:00','Budapest',0,0,'United States');
/*!40000 ALTER TABLE `records` ENABLE KEYS */;
UNLOCK TABLES;

--
-- Table structure for table `sports`
--

DROP TABLE IF EXISTS `sports`;
/*!40101 SET @saved_cs_client     = @@character_set_client */;
 SET character_set_client = utf8mb4 ;
CREATE TABLE `sports` (
  `id` bigint(20) NOT NULL AUTO_INCREMENT,
  `created_at` datetime DEFAULT NULL,
  `updated_at` datetime DEFAULT NULL,
  `deleted_at` datetime DEFAULT NULL,
  `total` int(3) DEFAULT NULL,
  `sport_class` int(11) DEFAULT NULL,
  `sport_name` varchar(255) DEFAULT NULL,
  `description` varchar(255) DEFAULT NULL,
  `competition_ids` text,
  `rule` varchar(1024) DEFAULT NULL,
  PRIMARY KEY (`id`)
) ENGINE=InnoDB AUTO_INCREMENT=23 DEFAULT CHARSET=utf8;
/*!40101 SET character_set_client = @saved_cs_client */;

--
-- Dumping data for table `sports`
--

LOCK TABLES `sports` WRITE;
/*!40000 ALTER TABLE `sports` DISABLE KEYS */;
INSERT INTO `sports` VALUES (16,'2019-08-04 19:47:30','2019-08-04 19:47:30',NULL,13,1,'跳水','游泳项目以自由泳、仰泳、蛙泳、蝶泳等指定游法，50米到1,500米的方式进行，顺序为预赛、半决赛和决赛。在50米、100米和200米的比赛中，首先从预选赛中选出16名得分最高的选手，16名选手将分成两组进行半决赛，最终有8名选手进入决赛。在长距离和接力泳项目中，8名通过预赛的选手直接进行800米和1,500米的决赛。','[80,81,82,83,84,85,86,87,88,89,90]','․ 1米跳板 : 分为预赛和决赛，预赛成绩前12名选手将晋级决赛。 <br>\r\n․ 3米跳板与10米跳台 : 分为预赛、半决赛、决赛，预赛成绩前18名选手晋级半决赛，半决赛成绩前12名选手晋级决赛。 <br>\r\n․ 双人同步3米跳板与10米跳台 : 分为预赛和决赛，预赛成绩前12名选手将晋级决赛。 <br>\r\n․ 团体跳水(3米跳板与10米跳台) : 仅进行决赛。 <br>\r\n․ 男女混合(双人同步3米跳板与10米跳台) : 仅进行决赛。'),(17,'2019-08-04 19:47:37','2019-08-04 19:47:37',NULL,42,0,'游泳','游泳项目以自由泳，仰泳，蛙泳，蝶泳等指定游法，50米到1,500米的方式进行，顺序为预赛，半决赛和决赛。\r\n个人项目分为自由泳(50, 100, 200, 400, 800, 1,500米)·仰泳·蛙泳·蝶泳(50, 100, 200米)和个人混合泳(200, 400米)，团体项目分为接力泳(400, 800米)、混合泳接力(400米)、男女接力泳(400米)、男女混合泳接力(400米)。','[91,92,93,94,95,96,97,98,99,100,101,102,103,104,105,106]','所有比赛项目分成男女举行，参与比赛的选手必须游完规定的距离。选手只能在自己的泳道内游泳。所有比赛在开始时选手必须与泳池或泳道边缘发生身体接触。\r\n转弯时必须在池壁上进行，不允许从水池底部弹跳或走路。每个接力队伍由四名队员组成，男女混合接力队伍由两男两女组成。自由泳、蛙泳、蝶泳和个人混合泳从出发台出发，而仰泳和男女混合接力泳从泳池内出发。'),(19,'2019-08-04 19:47:44','2019-08-04 19:47:44',NULL,2,5,'水球','水球是一项水中球类的集体运动项目。每队七名球员(一名守门员和六名球员)，在一个长方形的游泳池中比赛。最多可以额外替换六名球员。比赛分4轮，每轮比赛8分钟。每轮会从球员触球的那一刻开始计时。','[107,108]','水球比赛根据FINA的规定进行，是游泳项目中唯一的球赛。每队由13名球员(7名上场球员、6名替补)组成，球员必须佩戴具备耳塞的水帽(白色/蓝色)以便识别和预防伤病。比赛分为四节，每节8分钟，每节结束后依次休息2分钟、3分钟、2分钟，第三节开始之前更换休息区。'),(20,'2019-08-04 19:47:46','2019-08-04 19:47:46',NULL,7,4,'公开水域游泳','公开水域游泳是在湖水、江河、大海上进行的户外游泳比赛。由于公开水域游泳比赛是在户外自然环境下进行比赛，所以需要应对比赛中可能发生的天气变化，特别是在比赛服、阳光、风、水温、气温、雨等多方面要进行充分考虑并安排保护措施。','[109,110,111,112,113,114,115]','尽管不限定游泳方法，但通常运动选手都会选择自由游。比赛的方式是男子女子比赛各安排一场直接决出排名。运动选手从跳台出发，在1.666公里(或2.50公里)的循环路线中游泳，需要在指定回程浮标和泳道边线内完成比赛。在比赛期间允许运动选手进食，结束比赛需进入终点线，并触摸终点线上安装的垂直墙。'),(21,'2019-08-04 19:47:48','2019-08-04 19:47:48',NULL,10,3,'花样游泳','花样游泳是融入游泳、舞蹈和音乐的一项优美的水上运动，所有又被称之水上芭蕾或艺术游泳。根据选手参赛人数可分为单人、双人、集体项目、自由组合项目，比赛类型根据音乐和舞蹈的情况又分为不受限制的自由自选和必须包含规定动作的技术自选。','[116,117,118,119,120,121,122,123,124,125]','具体项目分为单人、双人、8人进行的集体、8~10人进行的自由组合和亮点动作表演。除了自由组合与亮点动作表演外，其他项目均分为技术自选和自由自选。<br>\r\n- 技术自选：每个单人、双人、男女混合双人、集体项目的参赛者要在表演中完成FINA规定的动作。比赛时间含10秒的入水前动作在内，单人项目为2分钟，双人项目为2分20秒，集体项目是2分50秒，允许±15秒。<br>\r\n- 自由自选：每个单人、双人、男女混合双人、集体项目的参赛者按照自己指定的音乐进行自由表演。对音乐、舞蹈没有任何限制。比赛时间含10秒的入水前动作在内，单人项目为2分30秒，双人项目为3分钟，集体项目是4分钟，自由组合项目是4分钟，亮点动作表演是2分30秒，允许±15秒。'),(22,'2019-08-04 19:47:50','2019-08-04 19:47:50',NULL,2,2,'高空跳水','高空跳水是从20米以上跳台跳入水中的项目。其中，男子跳台的高度为27米，女子跳台的高度是20米。','[126,127]','․ 男子比赛分成两个赛程，第一天为赛程1，第三天进行赛程2。女子比赛也分为两个赛程，第一天进行赛程1，第二天进行赛程2。<br>\r\n․ 男子比赛共四场比赛，其中一场难度系数为2.8，另一场难度系数最高为3.6，这两个项目需要使用不同的技巧。另外的两场比赛则是不限定难度的不同跳水技巧。<br>\r\n․  女子比赛共四场比赛，需要完成难度系数为2.6的两场不同跳水技巧及两场不限定难度的不同跳水技巧。<br>\r\n․ 比赛会分成各个部分进行，进行时会按照前一轮比赛成绩的相反顺序进行，全程比赛成绩叠加后的综合成绩最高分者为冠军，通过最终综合成绩决定运动选手的排名。');
/*!40000 ALTER TABLE `sports` ENABLE KEYS */;
UNLOCK TABLES;

--
-- Table structure for table `symbol`
--

DROP TABLE IF EXISTS `symbol`;
/*!40101 SET @saved_cs_client     = @@character_set_client */;
 SET character_set_client = utf8mb4 ;
CREATE TABLE `symbol` (
  `id` bigint(20) NOT NULL AUTO_INCREMENT,
  `created_at` datetime DEFAULT NULL,
  `updated_at` datetime DEFAULT NULL,
  `deleted_at` datetime DEFAULT NULL,
  `symbol_text` varchar(64) DEFAULT NULL,
  `symbol_text_image` varchar(128) DEFAULT NULL,
  `symbol_text_short` varchar(12) DEFAULT NULL,
  `symbol_description` varchar(64) DEFAULT NULL,
  `symbol_description_image` varchar(128) DEFAULT NULL,
  `symbol_description_short` varchar(12) DEFAULT NULL,
  `symbol_animal_image` varchar(128) DEFAULT NULL,
  `symbol_animal_description` varchar(64) DEFAULT NULL,
  `symbol_animal_short` varchar(12) DEFAULT NULL,
  `blue_versions` text,
  PRIMARY KEY (`id`)
) ENGINE=InnoDB AUTO_INCREMENT=2 DEFAULT CHARSET=utf8;
/*!40101 SET character_set_client = @saved_cs_client */;

--
-- Dumping data for table `symbol`
--

LOCK TABLES `symbol` WRITE;
/*!40000 ALTER TABLE `symbol` DISABLE KEYS */;
INSERT INTO `symbol` VALUES (1,'2019-08-04 19:36:45','2019-08-04 19:36:45',NULL,'将无等山(温柔的怀抱)和荣山江(生命的呼吸)形象化的“和平波浪”中，蕴含着“全力挑战未来梦想”的期待。','https://www.fina-gwangju2019.com/home/chn/images/sub/symbol01.png','标志','光州承载着守护大韩民国的民主和人权并提升人类和平价值的愿望。','https://www.fina-gwangju2019.com/home/chn/images/sub/symbol02.png','标语','https://www.fina-gwangju2019.com/home/chn/images/sub/symbol03_1.png','将和平栖息在无等山与荣山江的天然纪念物(第330号)水獭拟人化设计为了一对雌雄吉祥物。','吉祥物','[1,2,3,4,5]');
/*!40000 ALTER TABLE `symbol` ENABLE KEYS */;
UNLOCK TABLES;
/*!40103 SET TIME_ZONE=@OLD_TIME_ZONE */;

/*!40101 SET SQL_MODE=@OLD_SQL_MODE */;
/*!40014 SET FOREIGN_KEY_CHECKS=@OLD_FOREIGN_KEY_CHECKS */;
/*!40014 SET UNIQUE_CHECKS=@OLD_UNIQUE_CHECKS */;
/*!40101 SET CHARACTER_SET_CLIENT=@OLD_CHARACTER_SET_CLIENT */;
/*!40101 SET CHARACTER_SET_RESULTS=@OLD_CHARACTER_SET_RESULTS */;
/*!40101 SET COLLATION_CONNECTION=@OLD_COLLATION_CONNECTION */;
/*!40111 SET SQL_NOTES=@OLD_SQL_NOTES */;

-- Dump completed on 2019-08-06  6:11:42
